"filename", "language", "Dart", "JSON", "comment", "blank", "total"
"/home/robert/Desktop/scanner_app/lib/dialog/dialog_builder.dart", "Dart", 41, 0, 0, 4, 45
"/home/robert/Desktop/scanner_app/lib/l10n/app_en.arb", "JSON", 0, 23, 0, 3, 26
"/home/robert/Desktop/scanner_app/lib/l10n/app_localizations.dart", "Dart", 72, 0, 132, 33, 237
"/home/robert/Desktop/scanner_app/lib/l10n/app_localizations_en.dart", "Dart", 39, 0, 3, 21, 63
"/home/robert/Desktop/scanner_app/lib/l10n/app_localizations_ro.dart", "Dart", 39, 0, 3, 21, 63
"/home/robert/Desktop/scanner_app/lib/l10n/app_ro.arb", "JSON", 0, 19, 0, 0, 19
"/home/robert/Desktop/scanner_app/lib/main.dart", "Dart", 89, 0, 0, 18, 107
"/home/robert/Desktop/scanner_app/lib/networking/connection.dart", "Dart", 85, 0, 1, 9, 95
"/home/robert/Desktop/scanner_app/lib/persistance/locale_persistance.dart", "Dart", 31, 0, 0, 10, 41
"/home/robert/Desktop/scanner_app/lib/screens/connections_screen.dart", "Dart", 95, 0, 0, 12, 107
"/home/robert/Desktop/scanner_app/lib/screens/home_screen.dart", "Dart", 19, 0, 0, 3, 22
"/home/robert/Desktop/scanner_app/lib/screens/input_screen.dart", "Dart", 18, 0, 0, 2, 20
"/home/robert/Desktop/scanner_app/lib/state_management/tabs_controller.dart", "Dart", 19, 0, 0, 4, 23
"/home/robert/Desktop/scanner_app/lib/widgets/barcode_scanner.dart", "Dart", 98, 0, 0, 7, 105
"/home/robert/Desktop/scanner_app/lib/widgets/carousel_pageview.dart", "Dart", 119, 0, 2, 13, 134
"/home/robert/Desktop/scanner_app/lib/widgets/language_selector.dart", "Dart", 77, 0, 0, 7, 84
"/home/robert/Desktop/scanner_app/lib/widgets/navbar.dart", "Dart", 20, 0, 0, 2, 22
"/home/robert/Desktop/scanner_app/lib/widgets/snack_bar_message.dart", "Dart", 24, 0, 0, 1, 25
"Total", "-", 885, 42, 141, 170, 1238